Year,Total
2014,10993.58
2015,11463.670000000002
2016,11683.36
2017,12286.599999999999
2018,12933.14
2019,13414.57
2020,13530.82
2021,14205.050000000001
2022,15228.41
2023,16467.96
